,problemid,iteration,gen_N,gen_cp,gen_ss_mn,gen_theta,gen_p_stay,gen_tau,gen_alpha,gen_gamma,bf_cp,bf_ss_mn,bf_theta,bf_p_stay,bf_tau,bf_alpha,bf_gamma_mn,msd_cp,msd_ss
80,normal_high_diff,0,200,0.51500000000000001,2.6299999999999999,1,0.0,0.01,,,0.50229734685635685,3.6299999917764527,1,0.72451790571200003,0.37524104714400003,,,0.012702653143643161,8.2235471765557122e-09
81,normal_high_diff,1,200,0.46000000000000002,2.8650000000000002,1,0.0,0.01,,,0.50229734685635685,3.8650000085209735,1,0.74126778841000007,0.42936610579499995,,,0.042297346856356832,8.5209732603175325e-09
82,normal_high_diff,2,200,0.47499999999999998,3.3399999999999999,1,0.0,0.01,,,0.50229734685635685,4.3399999970198078,1,0.76958525329799998,0.35895737335100003,,,0.027297346856356874,2.9801920931049608e-09
83,normal_high_diff,3,200,0.5,2.8300000000000001,1,0.0,0.01,,,0.50229734685635685,3.8300000183379641,1,0.73890339550600004,0.37835103662199998,,,0.0022973468563568522,1.8337964036163612e-08
84,normal_high_diff,4,200,0.51000000000000001,3.105,1,0.0,0.01,,,0.50229734685635685,4.1049999317348984,1,0.75639463663100004,0.35930268168399998,,,0.0077026531436431567,6.8265102015629964e-08
85,normal_high_diff,5,200,0.47499999999999998,3.04,1,0.0,0.01,,,0.50229734685635685,4.0400000365970667,1,0.75247524976699998,0.348762375116,,,0.027297346856356874,3.659706671044205e-08
86,normal_high_diff,6,200,0.45000000000000001,2.7000000000000002,1,0.0,0.01,,,0.50229734685635685,3.6999999512125417,1,0.72972972616600007,0.39607263691699995,,,0.052297346856356841,4.878745851755184e-08
87,normal_high_diff,7,200,0.48999999999999999,3.0499999999999998,1,0.0,0.01,,,0.50229734685635685,4.050000018713833,1,0.75308642089399991,0.38595678955300006,,,0.012297346856356861,1.8713833149774928e-08
88,normal_high_diff,8,200,0.53000000000000003,3.3300000000000001,1,0.0,0.01,,,0.50229734685635685,4.3300000167444548,1,0.7690531186759999,0.37484844066200002,,,0.027702653143643174,1.6744454711670187e-08
89,normal_high_diff,9,200,0.46000000000000002,3.54,1,0.0,0.01,,,0.50229734685635685,4.5400000324759828,1,0.77973568439500007,0.39763215780299999,,,0.042297346856356832,3.2475982791879687e-08
90,normal_high_diff,0,200,0.77500000000000002,1.8799999999999999,1,0.0,1.0,,,0.63069516293653805,2.8800000109836286,1,0.65277777910199997,0.42361111044900002,,,0.14430483706346198,1.0983628673244539e-08
91,normal_high_diff,1,200,0.73499999999999999,2.2549999999999999,1,0.0,1.0,,,0.63069516293653805,3.2549999556637594,1,0.69278033375699999,0.43173483312100003,,,0.10430483706346194,4.4336240456743781e-08
92,normal_high_diff,2,200,0.75,2.1400000000000001,1,0.0,1.0,,,0.63069516293653793,3.1399999825940386,1,0.68152866065500006,0.44673566967200001,,,0.11930483706346207,1.7405961560967853e-08
93,normal_high_diff,3,200,0.78500000000000003,2.2799999999999998,1,0.0,1.0,,,0.63069516293653805,3.279999985922502,1,0.69512194991099996,0.41493902504399999,,,0.15430483706346199,1.4077497834108499e-08
94,normal_high_diff,4,200,0.755,2.105,1,0.0,1.0,,,0.63069516293653805,3.1050000272109157,1,0.67793881119599997,0.40946342139799996,,,0.12430483706346196,2.7210915742870156e-08
95,normal_high_diff,5,200,0.72499999999999998,2.0499999999999998,1,0.0,1.0,,,0.63069516293653805,3.0499999763625008,1,0.67213114500000004,0.38893442750000001,,,0.094304837063461933,2.3637499069195655e-08
96,normal_high_diff,6,200,0.79500000000000004,2.2450000000000001,1,0.0,1.0,,,0.63069516293653805,3.2450000139241166,1,0.69183359146099999,0.40408320426900002,,,0.16430483706346199,1.3924116526453645e-08
97,normal_high_diff,7,200,0.71499999999999997,1.97,1,0.0,1.0,,,0.63069516293653805,2.9700000334341818,1,0.66329966708999999,0.42772516645499997,,,0.084304837063461924,3.3434182089564501e-08
98,normal_high_diff,8,200,0.78500000000000003,2.125,1,0.0,1.0,,,0.63069516293653805,3.1250000116406267,1,0.6800000011920001,0.43499999940399997,,,0.15430483706346199,1.1640626684794597e-08
99,normal_high_diff,9,200,0.80000000000000004,1.915,1,0.0,1.0,,,0.63069516293653805,2.9150000060572685,1,0.65694682747100008,0.44027658626400001,,,0.169304837063462,6.0572684645876507e-09
100,normal_high_diff,0,200,0.41499999999999998,5.04,1,0.3,0.01,,,0.47183782840675492,6.0399999308777579,1,0.834437084198,0.37028145790100003,,,0.056837828406754942,6.9122242152275248e-08
101,normal_high_diff,1,200,0.48499999999999999,5.1849999999999996,1,0.3,0.01,,,0.47183782840675492,6.1850000877431324,1,0.83831851482399999,0.330840742588,,,0.013162171593245064,8.7743132759499076e-08
102,normal_high_diff,2,200,0.38,4.9450000000000003,1,0.3,0.01,,,0.47183782840675492,5.9450001197602136,1,0.83179142475099999,0.28410428762400003,,,0.091837828406754918,1.1976021330184494e-07
103,normal_high_diff,3,200,0.435,5.1799999999999997,1,0.3,0.01,,,0.47183782840675487,6.180000117923921,1,0.83818770535300002,0.35668739732400001,,,0.036837828406754869,1.1792392129450491e-07
104,normal_high_diff,4,200,0.40000000000000002,4.6749999999999998,1,0.3,0.01,,,0.47183782840675487,5.675000040594977,1,0.82378854751599995,0.35060572624200004,,,0.071837828406754844,4.059497715758198e-08
105,normal_high_diff,5,200,0.46999999999999997,4.6449999999999996,1,0.3,0.01,,,0.47183782840675498,5.6449999833964473,1,0.82285208096700002,0.33896458451599998,,,0.0018378284067550044,1.660355231081212e-08
106,normal_high_diff,6,200,0.46500000000000002,5.0499999999999998,1,0.3,0.01,,,0.47183782840675492,6.0500000081018594,1,0.83471074402300005,0.33264462798799999,,,0.0068378284067548978,8.1018596276294375e-09
107,normal_high_diff,7,200,0.45500000000000002,5.0700000000000003,1,0.3,0.01,,,0.47183782840675498,6.0700000299921699,1,0.83525535501499992,0.35346607249200002,,,0.016837828406754962,2.9992169636727795e-08
108,normal_high_diff,8,200,0.40500000000000003,4.9400000000000004,1,0.3,0.01,,,0.47183782840675492,5.9400000800291437,1,0.83164983391799996,0.33417508304100002,,,0.066837828406754896,8.0029143312287943e-08
109,normal_high_diff,9,200,0.39000000000000001,4.6100000000000003,1,0.3,0.01,,,0.47183782840675487,5.6099999528104227,1,0.82174687907100008,0.36647031046499995,,,0.081837828406754853,4.7189577578876651e-08
110,normal_high_diff,0,200,0.76500000000000001,4.2400000000000002,1,0.3,1.0,,,0.64100372657098337,5.2399999650324336,1,0.80916030407000006,0.34541984796499997,,,0.12399627342901665,3.4967566620025536e-08
111,normal_high_diff,1,200,0.80500000000000005,3.5299999999999998,1,0.3,1.0,,,0.64100372657098326,4.5300001112515922,1,0.77924945354499997,0.37287527322800001,,,0.16399627342901679,1.112515928269886e-07
112,normal_high_diff,2,200,0.81000000000000005,3.5800000000000001,1,0.3,1.0,,,0.64100372657098326,4.5799999978124086,1,0.78165938854200001,0.35917030572899999,,,0.1689962734290168,2.1875914413271857e-09
113,normal_high_diff,3,200,0.78500000000000003,3.4449999999999998,1,0.3,1.0,,,0.64100372657098337,4.4449999997270533,1,0.77502812147099998,0.41248593926399996,,,0.14399627342901666,2.7294699833646519e-10
114,normal_high_diff,4,200,0.77500000000000002,3.5099999999999998,1,0.3,1.0,,,0.64100372657098337,4.5099999365627461,1,0.77827050685900001,0.36086474657099998,,,0.13399627342901665,6.3437253672304905e-08
115,normal_high_diff,5,200,0.76500000000000001,3.3450000000000002,1,0.3,1.0,,,0.64100372657098348,4.3449998932996232,1,0.76985039711000014,0.377574801445,,,0.12399627342901653,1.0670037742244176e-07
116,normal_high_diff,6,200,0.77500000000000002,3.4849999999999999,1,0.3,1.0,,,0.64100372657098337,4.4849999441348851,1,0.77703455686599998,0.36148272156700001,,,0.13399627342901665,5.5865114312325659e-08
117,normal_high_diff,7,200,0.78000000000000003,3.6000000000000001,1,0.3,1.0,,,0.64100372657098337,4.6000000561972794,1,0.78260869830799995,0.33994565084600004,,,0.13899627342901666,5.619727971861721e-08
118,normal_high_diff,8,200,0.80000000000000004,2.9449999999999998,1,0.3,1.0,,,0.64100372657098337,3.9450001008030551,1,0.74651458188899988,0.37830520905599996,,,0.15899627342901668,1.0080305523629818e-07
119,normal_high_diff,9,200,0.81000000000000005,3.1800000000000002,1,0.3,1.0,,,0.64100372657098337,4.180000039867922,1,0.76076555252100009,0.36961722374,,,0.16899627342901669,3.9867922296821234e-08
120,normal_high_diff,0,200,0.745,17.824999999999999,3,0.0,0.01,,,0.57545999608238152,19.314149594221213,2,0.79408402415000001,0.34006736292499995,,,0.16954000391761848,0.48914959422121385
121,normal_high_diff,1,200,0.67000000000000004,17.68,3,0.0,0.01,,,0.57545999608238152,19.214012193954595,2,0.79301085472100008,0.35349457263899997,,,0.09454000391761852,0.5340121939545952
122,normal_high_diff,2,200,0.68500000000000005,18.375,3,0.0,0.01,,,0.5754599960823813,19.441859235911899,2,0.79543664455400009,0.37728167772299998,,,0.10954000391761876,0.066859235911898907
123,normal_high_diff,3,200,0.71999999999999997,18.184999999999999,3,0.0,0.01,,,0.57545999608238141,19.67321662259074,2,0.79784231334900002,0.36982884332500005,,,0.14454000391761856,0.48821662259074117
124,normal_high_diff,4,200,0.72999999999999998,18.120000000000001,3,0.0,0.01,,,0.57545999608238141,19.375610468734784,2,0.79473720490899991,0.352631397545,,,0.15454000391761857,0.25561046873478332
125,normal_high_diff,5,200,0.66500000000000004,18.045000000000002,3,0.0,0.01,,,0.5754599960823813,19.338592556002205,2,0.79434429109100002,0.377827854455,,,0.089540003917618738,0.2935925560022028
126,normal_high_diff,6,200,0.69499999999999995,17.190000000000001,3,0.0,0.01,,,0.5754599960823813,18.549252003281552,2,0.78559286591700006,0.36975086928799999,,,0.11954000391761865,0.35925200328155071
127,normal_high_diff,7,200,0.67000000000000004,18.195,3,0.0,0.01,,,0.5754599960823813,19.716432095349937,2,0.79828541278799992,0.35085729360600004,,,0.094540003917618742,0.52143209534993673
128,normal_high_diff,8,200,0.69999999999999996,18.379999999999999,3,0.0,0.01,,,0.61212305912414788,19.423260746479379,3,0.54363438813999998,0.44129415680200001,,,0.087876940875852072,0.043260746479379719
129,normal_high_diff,9,200,0.70499999999999996,19.120000000000001,3,0.0,0.01,,,0.57545999608238141,20.47269211106045,2,0.80573673751200003,0.36041288124399995,,,0.12954000391761855,0.35269211106044907
130,normal_high_diff,0,200,0.90000000000000002,15.305,3,0.0,1.0,,,0.59361771019107668,16.305000362392061,1,0.93866912126499991,0.26816543936699999,,,0.30638228980892335,3.623920612483289e-07
131,normal_high_diff,1,200,0.89500000000000002,13.375,3,0.0,1.0,,,0.59361771019107656,14.375000348045706,1,0.93043478429299997,0.259782607853,,,0.30138228980892345,3.4804570603341745e-07
132,normal_high_diff,2,200,0.88,14.19,3,0.0,1.0,,,0.59361771019107668,15.189999989569319,1,0.93416721522799995,0.27041639238600002,,,0.28638228980892333,1.043068031947314e-08
133,normal_high_diff,3,200,0.88500000000000001,12.215,3,0.0,1.0,,,0.59361771019107656,13.215000202702425,1,0.9243284158409999,0.29408579208000002,,,0.29138228980892344,2.0270242551134743e-07
134,normal_high_diff,4,200,0.90000000000000002,13.045,3,0.0,1.0,,,0.59361771019107656,14.044999826634145,1,0.92880028392000002,0.29422412561799999,,,0.30638228980892346,1.7336585500515866e-07
135,normal_high_diff,5,200,0.88500000000000001,13.775,3,0.0,1.0,,,0.59361771019107656,14.774999814894755,1,0.93231810405900006,0.29009094797099999,,,0.29138228980892344,1.8510524490977787e-07
136,normal_high_diff,6,200,0.89500000000000002,15.539999999999999,3,0.0,1.0,,,0.59361771019107645,16.5400000430235,1,0.93954050801699995,0.28491724599199997,,,0.30138228980892356,4.3023501206107539e-08
137,normal_high_diff,7,200,0.91000000000000003,13.869999999999999,3,0.0,1.0,,,0.68089380760111284,15.239354818714054,2,0.74641176522699992,0.385802906449,,,0.22910619239888719,0.36935481871405429
138,normal_high_diff,8,200,0.88,14.390000000000001,3,0.0,1.0,,,0.68089380760111273,15.533106694901107,2,0.75120745878700002,0.400372833107,,,0.19910619239888727,0.14310669490110683
139,normal_high_diff,9,200,0.94499999999999995,15.65,3,0.0,1.0,,,0.68089380760111318,16.884951792690789,2,0.77112631797800002,0.42693684101099999,,,0.26410619239888677,0.23495179269079003
140,normal_high_diff,0,200,0.81999999999999995,26.870000000000001,3,0.3,0.01,,,0.72018156326220462,27.980365021017537,4,0.46479003450400003,0.49174438704499995,,,0.099818436737795335,0.11036502101753598
141,normal_high_diff,1,200,0.82999999999999996,28.844999999999999,3,0.3,0.01,,,0.6701849771506877,30.30653120678496,3,0.71355392932899997,0.43072303533600004,,,0.15981502284931226,0.46153120678496151
142,normal_high_diff,2,200,0.82499999999999996,26.664999999999999,3,0.3,0.01,,,0.67018497715068748,28.474017048000242,3,0.69511900041300001,0.40790924979400001,,,0.15481502284931248,0.80901704800024277
143,normal_high_diff,3,200,0.86499999999999999,28.035,3,0.3,0.01,,,0.61601816368619211,29.210590391422606,2,0.86493206098700004,0.34097146950700002,,,0.24898183631380788,0.17559039142260602
144,normal_high_diff,4,200,0.84499999999999997,26.920000000000002,3,0.3,0.01,,,0.67018497715068748,28.246223393943684,3,0.69266026616099996,0.47241986692000004,,,0.1748150228493125,0.32622339394368183
145,normal_high_diff,5,200,0.82499999999999996,25.280000000000001,3,0.3,0.01,,,0.67018497715068714,26.864442721726693,3,0.67685215473199989,0.43657392263400002,,,0.15481502284931281,0.58444272172669187
146,normal_high_diff,6,200,0.80500000000000005,27.995000000000001,3,0.3,0.01,,,0.6701849771506877,29.608664487190318,3,0.70680248737299989,0.40909875631300002,,,0.13481502284931235,0.61366448719031652
147,normal_high_diff,7,200,0.83499999999999996,26.184999999999999,3,0.3,0.01,,,0.67018497715068748,27.58095356497202,3,0.68524703979500001,0.40737648010300004,,,0.16481502284931249,0.39595356497202161
148,normal_high_diff,8,200,0.80500000000000005,26.395,3,0.3,0.01,,,0.67018497715068803,27.766043047924406,3,0.68734519481700007,0.393827402592,,,0.13481502284931202,0.37104304792440601
149,normal_high_diff,9,200,0.85499999999999998,27.524999999999999,3,0.3,0.01,,,0.616018163686192,28.94195870985363,2,0.86367839574799998,0.31816080212600001,,,0.23898183631380798,0.41695870985363115
150,normal_high_diff,0,200,0.92500000000000004,17.379999999999999,3,0.3,1.0,,,0.60839161275541764,18.379999769740138,1,0.945593035227,0.22612926363699998,,,0.3166083872445824,2.3025986095603912e-07
151,normal_high_diff,1,200,0.91500000000000004,19.105,3,0.3,1.0,,,0.60839161275541764,20.104999545921437,1,0.95026112794899997,0.28736943602600001,,,0.30660838724458239,4.5407856319457096e-07
152,normal_high_diff,2,200,0.93000000000000005,16.550000000000001,3,0.3,1.0,,,0.70705278666275218,18.03221234864289,2,0.78813150364700002,0.18173135513399999,,,0.22294721333724787,0.48221234864288931
153,normal_high_diff,3,200,0.95999999999999996,18.84,3,0.3,1.0,,,0.70705278666275195,20.13247289798046,2,0.81023405641299995,0.31363297179299998,,,0.25294721333724801,0.29247289798045983
154,normal_high_diff,4,200,0.91000000000000003,18.074999999999999,3,0.3,1.0,,,0.60839161275541775,19.075000042790464,1,0.94757536053699998,0.26371231973199999,,,0.30160838724458228,4.2790464505060299e-08
155,normal_high_diff,5,200,0.92500000000000004,16.920000000000002,3,0.3,1.0,,,0.60839161275541753,17.919999931783568,1,0.94419642835899997,0.31540178582099998,,,0.31660838724458251,6.8216433390944076e-08
156,normal_high_diff,6,200,0.91000000000000003,17.760000000000002,3,0.3,1.0,,,0.70705278666275195,19.400825242344325,2,0.80307756662400009,0.32346121668799999,,,0.20294721333724808,0.6408252423443237
157,normal_high_diff,7,200,0.92500000000000004,18.164999999999999,3,0.3,1.0,,,0.70705278666275206,19.46386610518914,2,0.80371537208599997,0.335642313957,,,0.21794721333724798,0.29886610518914125
158,normal_high_diff,8,200,0.90500000000000003,16.055,3,0.3,1.0,,,0.60839161275541764,17.054999842900358,1,0.94136616773900006,0.31056691613000004,,,0.29660838724458238,1.5709964173993285e-07
159,normal_high_diff,9,200,0.91500000000000004,17.545000000000002,3,0.3,1.0,,,0.60839161275541753,18.545000048120279,1,0.94607710987299998,0.28946144506299998,,,0.3066083872445825,4.812027754041992e-08
160,normal_high_diff,0,200,0.96999999999999997,25.725000000000001,5,0.0,0.01,,,0.87748795455313877,28.222010638559222,5,0.31188171952999999,0.55890289023500006,,,0.092512045446861202,1.497010638559221
161,normal_high_diff,1,200,0.97999999999999998,26.640000000000001,5,0.0,0.01,,,0.82850703721734997,29.178024407396933,4,0.53663126230199998,0.50980936884900008,,,0.15149296278265001,1.5380244073969322
162,normal_high_diff,2,200,0.97499999999999998,24.135000000000002,5,0.0,0.01,,,0.87748795455313822,26.793229274324791,5,0.27518697977099998,0.60615651011500005,,,0.097512045446861761,1.6582292743247891
163,normal_high_diff,3,200,0.96999999999999997,27.254999999999999,5,0.0,0.01,,,0.87748795455313888,29.513962321180994,5,0.34200358390800001,0.61649820804599997,,,0.092512045446861091,1.258962321180995
164,normal_high_diff,4,200,0.995,26.885000000000002,5,0.0,0.01,,,0.91393248443201269,29.073900599359622,6,0.12106774300300001,0.70118487849800004,,,0.081067515567987303,1.18890059935962
165,normal_high_diff,5,200,0.98499999999999999,24.315000000000001,5,0.0,0.01,,,0.91393248443201014,28.187866583902096,6,0.093440115539100005,0.72691275473000005,,,0.071067515567989847,2.8728665839020948
166,normal_high_diff,6,200,0.98999999999999999,25.920000000000002,5,0.0,0.01,,,0.87748795455313855,28.922350044931594,5,0.32854413967599999,0.59783730516199995,,,0.11251204544686144,2.0023500449315925
167,normal_high_diff,7,200,0.98499999999999999,25.745000000000001,5,0.0,0.01,,,0.82850703721735031,28.469573430746998,4,0.52510056495699997,0.487449717522,,,0.15649296278264968,1.7245734307469966
168,normal_high_diff,8,200,0.98999999999999999,24.25,5,0.0,0.01,,,0.94027352469281289,33.493024922377302,7,0.053230667085199995,0.73568935395699997,,,0.049726475307187101,8.2430249223773018
169,normal_high_diff,9,200,0.98999999999999999,25.93,5,0.0,0.01,,,0.87748795455313822,28.252175398531776,5,0.31261642128199996,0.61400428935899998,,,0.11251204544686177,1.3221753985317761
170,normal_high_diff,0,200,0.35499999999999998,45.229999999999997,5,0.0,1.0,,,0.4489555860139085,46.26480263778636,5,0.46143956333400005,0.50834271833300004,,,0.093955586013908521,0.034802637786363277
171,normal_high_diff,1,200,0.34999999999999998,53.865000000000002,5,0.0,1.0,,,0.43884035751572736,52.677911512373484,6,0.31992850229100001,0.60234043635399992,,,0.088840357515727386,2.187088487626518
172,normal_high_diff,2,200,0.375,55.094999999999999,5,0.0,1.0,,,0.47952231622072294,56.415838400339396,2,0.92912766933400004,0.29793616533299999,,,0.10452231622072294,0.32083840033939737
173,normal_high_diff,3,200,0.34000000000000002,45.310000000000002,5,0.0,1.0,,,0.46930493108645144,46.442293936632055,3,0.80642773209800001,0.36543847770099996,,,0.12930493108645141,0.13229393663205258
174,normal_high_diff,4,200,0.46500000000000002,50.590000000000003,5,0.0,1.0,,,0.45911321357095947,51.993249929474572,4,0.69291193485300007,0.44104403257399999,,,0.005886786429040558,0.40324992947456906
175,normal_high_diff,5,200,0.39000000000000001,46.505000000000003,5,0.0,1.0,,,0.448955586013908,47.173713900745284,5,0.47181618213699994,0.53909190893199999,,,0.05895558601390799,0.33128609925471864
176,normal_high_diff,6,200,0.38,53.509999999999998,5,0.0,1.0,,,0.46930493108645122,53.777069293534879,3,0.83282948881399999,0.33983525559299999,,,0.089304931086451211,0.73293070646511893
177,normal_high_diff,7,200,0.37,52.685000000000002,5,0.0,1.0,,,0.47952231622072305,54.999440184669453,2,0.92730249725299996,0.30822375137399999,,,0.10952231622072306,1.3144401846694507
178,normal_high_diff,8,200,0.37,51.825000000000003,5,0.0,1.0,,,0.44895558601390834,50.845290214832445,5,0.50995672941199999,0.50752163529399996,,,0.078955586013908341,1.9797097851675574
179,normal_high_diff,9,200,0.39500000000000002,50.225000000000001,5,0.0,1.0,,,0.46930493108645166,51.314497632985464,3,0.82480701208100005,0.35009649395900005,,,0.074304931086451642,0.089497632985462872
180,normal_high_diff,0,200,0.14000000000000001,54.07,5,0.3,0.01,,,0.24130623371986082,56.826573905687937,6,0.42600727081299999,0.53699636459400002,,,0.10130623371986081,1.7565739056879366
181,normal_high_diff,1,200,0.11,57.32,5,0.3,0.01,,,0.1783780461258552,60.445436025485577,8,0.10547432899499999,0.64726283550300001,,,0.068378046125855199,2.1254360254855769
182,normal_high_diff,2,200,0.095000000000000001,63.079999999999998,5,0.3,0.01,,,0.15209063415577334,69.672691758252498,9,0.055576705932599994,0.747211647034,,,0.05709063415577334,5.5926917582524993
183,normal_high_diff,3,200,0.125,59.630000000000003,5,0.3,0.01,,,0.15209063415577403,68.144484595273667,9,0.034397083671900003,0.66456148318800001,,,0.027090634155774035,7.5144845952736645
184,normal_high_diff,4,200,0.11,64.390000000000001,5,0.3,0.01,,,0.17837804612585526,65.515000810153381,8,0.17469291686999999,0.600153541565,,,0.068378046125855255,0.12500081015338083
185,normal_high_diff,5,200,0.14999999999999999,64.269999999999996,5,0.3,0.01,,,0.20809391333880095,65.582306837829023,7,0.34525053510399994,0.58740891213500002,,,0.058093913338800957,0.31230683782902702
186,normal_high_diff,6,200,0.115,59.594999999999999,5,0.3,0.01,,,0.17837804612585539,61.634812217734421,8,0.122736124694,0.7134366251530001,,,0.063378046125855389,1.039812217734422
187,normal_high_diff,7,200,0.14499999999999999,56.729999999999997,5,0.3,0.01,,,0.17837804612585528,59.227928810071383,8,0.087086188793199987,0.74083190560299994,,,0.033378046125855293,1.4979288100713859
188,normal_high_diff,8,200,0.095000000000000001,58.060000000000002,5,0.3,0.01,,,0.17837804612585514,57.920353680752001,8,0.066476794704800002,0.73629285264799993,,,0.083378046125855143,1.1396463192480013
189,normal_high_diff,9,200,0.13,56.924999999999997,5,0.3,0.01,,,0.1783780461258552,58.814008604574042,8,0.080661299871299996,0.73315567818900007,,,0.048378046125855195,0.88900860457404463
190,normal_high_diff,0,200,0.71999999999999997,69.954999999999998,5,0.3,1.0,,,0.60163235217508726,67.870800259963531,4,0.76733547449100004,0.36633226275399999,,,0.11836764782491271,3.0841997400364676
191,normal_high_diff,1,200,0.68999999999999995,70.75,5,0.3,1.0,,,0.62605723335273311,69.356675058575433,5,0.64700326912100004,0.43895335201200003,,,0.063942766647266835,2.3933249414245665
192,normal_high_diff,2,200,0.75,68.724999999999994,5,0.3,1.0,,,0.55135219485258269,71.040537213619899,2,0.94384299442200004,0.26557850278900003,,,0.19864780514741731,1.3155372136199048
193,normal_high_diff,3,200,0.745,60.390000000000001,5,0.3,1.0,,,0.62605723335273289,59.735796833128887,5,0.59015061557299997,0.45804969221399999,,,0.11894276664726711,1.6542031668711132
194,normal_high_diff,4,200,0.69499999999999995,62.840000000000003,5,0.3,1.0,,,0.60163235217508804,63.843215261434828,4,0.75265770256500009,0.38617114871699998,,,0.093367647824911915,0.0032152614348248676
195,normal_high_diff,5,200,0.76000000000000001,65.079999999999998,5,0.3,1.0,,,0.67293166326442677,63.770579480470218,7,0.26265053749099998,0.63117473125500001,,,0.087068336735573237,2.3094205195297803
196,normal_high_diff,6,200,0.70999999999999996,65.629999999999995,5,0.3,1.0,,,0.57669081387034316,65.487348439937762,3,0.86353277266000006,0.36823361366999996,,,0.13330918612965681,1.1426515600622338
197,normal_high_diff,7,200,0.70999999999999996,63.984999999999999,5,0.3,1.0,,,0.60163235217508737,64.440124735784565,4,0.754948836565,0.40377558171700001,,,0.10836764782491259,0.54487526421543464
198,normal_high_diff,8,200,0.68999999999999995,64.765000000000001,5,0.3,1.0,,,0.57669081387034293,64.047116438906116,3,0.86046402454400006,0.357267987728,,,0.11330918612965701,1.7178835610938847
199,normal_high_diff,9,200,0.70999999999999996,75.120000000000005,5,0.3,1.0,,,0.5513521948525828,75.098937200605178,2,0.94687775894999993,0.29531112052499997,,,0.15864780514741716,1.0210627993948265
200,6p-0,9,200,0.995,78.784999999999997,9,0.3,1.0,,,0.96937215445699076,83.791360225783563,10,0.34498310089100004,0.60250844955399996,,,,
201,normal_high_diff,1,200,0.91000000000000003,72.405000000000001,7,0.0,0.01,,,0.83756917594251978,85.378838800644345,10,0.033650511503200004,0.71442474424799995,,,0.072430824057480248,11.973838800644344
202,normal_high_diff,2,200,0.93999999999999995,78.629999999999995,7,0.0,0.01,,,0.83756917594251867,87.204977594934419,10,0.053886607405699997,0.72227544629700002,,,0.10243082405748127,7.574977594934424
203,normal_high_diff,3,200,0.92000000000000004,80.534999999999997,7,0.0,0.01,,,0.83756917594252478,87.606096798334178,10,0.058218546211699994,0.758390726894,,,0.08243082405747526,6.0710967983341817
204,normal_high_diff,4,200,0.91000000000000003,75.019999999999996,7,0.0,0.01,,,0.81400193623320749,76.137099580728787,9,0.092805959796499998,0.70000510115600001,,,0.095998063766792541,0.1170995807287909
205,normal_high_diff,5,200,0.91500000000000004,75.829999999999998,7,0.0,0.01,,,0.83756917594251545,85.45541482979641,10,0.034516450855900001,0.77961677457200007,,,0.077430824057484582,8.6254148297964122
206,normal_high_diff,6,200,0.90500000000000003,72.075000000000003,7,0.0,0.01,,,0.81400193623320305,76.597272842970526,9,0.098256107373200008,0.66456060598099997,,,0.090998063766796977,3.5222728429705228
207,normal_high_diff,7,200,0.91000000000000003,74.010000000000005,7,0.0,0.01,,,0.83756917594252089,85.725393994405636,10,0.037557095289199996,0.68122145235499998,,,0.072430824057479137,10.71539399440563
208,normal_high_diff,8,200,0.94499999999999995,78.775000000000006,7,0.0,0.01,,,0.83756917594251934,85.836486003977456,10,0.038802716135999997,0.63372364193200004,,,0.10743082405748061,6.0614860039774499
209,normal_high_diff,9,200,0.92500000000000004,70.329999999999998,7,0.0,0.01,,,0.81400193623320261,73.712127061940478,9,0.062961201486200005,0.70777721175699992,,,0.11099806376679744,2.38212706194048
210,normal_high_diff,0,200,1.0,24.515000000000001,7,0.0,1.0,,,0.9544656308959949,26.86419296917359,5,0.42695279121399998,0.54902360439300002,,,0.045534369104005101,1.3491929691735898
211,normal_high_diff,1,200,0.995,25.285,7,0.0,1.0,,,0.95446563089599423,28.227969453844874,5,0.45463839251900001,0.48037619253399999,,,0.040534369104005763,1.9429694538448743
212,normal_high_diff,2,200,1.0,24.364999999999998,7,0.0,1.0,,,0.98607103514306638,26.460245684267775,7,0.12884173665699999,0.69957144124199999,,,0.013928964856933623,1.0952456842677769
213,normal_high_diff,3,200,1.0,24.895,7,0.0,1.0,,,0.95446563089599601,27.542146405593503,5,0.44105842113499999,0.47947078943300003,,,0.045534369104003991,1.647146405593503
214,normal_high_diff,4,200,1.0,23.995000000000001,7,0.0,1.0,,,0.97469742882060495,25.438758360667972,6,0.24148291014100001,0.69136791992900004,,,0.02530257117939505,0.44375836066797092
215,normal_high_diff,5,200,1.0,23.420000000000002,7,0.0,1.0,,,0.9860710351430676,26.307955573901324,7,0.123798821494,0.65040527675299997,,,0.013928964856932402,1.8879555739013227
216,normal_high_diff,6,200,1.0,24.094999999999999,7,0.0,1.0,,,0.97469742882060484,26.569687181409289,6,0.27376890704000001,0.63928742148000006,,,0.025302571179395161,1.4746871814092906
217,normal_high_diff,7,200,1.0,24.975000000000001,7,0.0,1.0,,,0.9193944234963386,28.383242421254856,4,0.59958182051800002,0.454896589741,,,0.080605576503661402,2.4082424212548545
218,normal_high_diff,8,200,1.0,23.739999999999998,7,0.0,1.0,,,0.98607103514306915,26.286363532940861,7,0.123079095781,0.79783545211000007,,,0.013928964856930848,1.5463635329408625
219,normal_high_diff,9,200,0.995,23.309999999999999,7,0.0,1.0,,,0.97469742882060506,26.505621069988724,6,0.27201355099699998,0.59524322450199996,,,0.020302571179394935,2.1956210699887251
220,normal_high_diff,0,200,0.95499999999999996,71.715000000000003,7,0.3,0.01,,,0.93406096965753327,75.547364174237572,10,0.12794208526599998,0.66102895736699996,,,0.020939030342466691,2.8323641742375685
221,normal_high_diff,1,200,0.97999999999999998,65.0,7,0.3,0.01,,,0.93406096965754115,71.563363687791082,10,0.0793937921524,0.76030310392399991,,,0.045939030342458831,5.5633636877910817
222,normal_high_diff,2,200,0.96499999999999997,76.015000000000001,7,0.3,0.01,,,0.93406096965753671,76.385531569977942,10,0.137511050701,0.72186947464899998,,,0.030939030342463258,0.6294684300220581
223,normal_high_diff,3,200,0.96499999999999997,78.5,7,0.3,0.01,,,0.91573265702480577,79.212338086549863,9,0.28306839466099998,0.58346580266999992,,,0.049267342975194195,0.28766191345013681
224,normal_high_diff,4,200,0.93500000000000005,77.375,7,0.3,0.01,,,0.86477950530829983,82.440774614893527,7,0.52988910675000001,0.485055446625,,,0.070220494691700219,4.0657746148935274
225,normal_high_diff,5,200,0.95999999999999996,71.665000000000006,7,0.3,0.01,,,0.93406096965753738,72.261131120569345,10,0.088283343426900002,0.67228899234899997,,,0.025939030342462588,0.40386887943066085
226,normal_high_diff,6,200,0.95999999999999996,76.215000000000003,7,0.3,0.01,,,0.93406096965753826,79.034367148644748,10,0.16641735434499999,0.68163507282699998,,,0.0259390303424617,1.8193671486447442
227,normal_high_diff,7,200,0.96499999999999997,76.495000000000005,7,0.3,0.01,,,0.915732657024805,77.126887749191852,9,0.26368312835700003,0.64315843582199994,,,0.049267342975194972,0.36811225080815291
228,normal_high_diff,8,200,0.95499999999999996,75.650000000000006,7,0.3,0.01,,,0.9340609696575376,79.606997268249458,10,0.17241349220300001,0.65129325389899995,,,0.020939030342462361,2.9569972682494523
229,normal_high_diff,9,200,0.94499999999999995,73.900000000000006,7,0.3,0.01,,,0.93406096965753393,74.472081940283374,10,0.11535067707299999,0.74427778646300002,,,0.010939030342466016,0.42791805971663166
230,normal_high_diff,0,200,1.0,58.729999999999997,7,0.3,1.0,,,0.95666378616132441,61.368671873106607,9,0.21321019753800002,0.667027713731,,,0.043336213838675586,1.6386718731066097
231,normal_high_diff,1,200,0.98499999999999999,55.825000000000003,7,0.3,1.0,,,0.96888007762368744,60.053938115639312,10,0.082752255317600013,0.65095766598100002,,,0.016119922376312545,3.2289381156393091
232,normal_high_diff,2,200,0.98999999999999999,62.740000000000002,7,0.3,1.0,,,0.96888007762369155,63.76952481637413,10,0.136196491122,0.72330800443900001,,,0.021119922376308442,0.029524816374127738
233,normal_high_diff,3,200,0.995,60.049999999999997,7,0.3,1.0,,,0.91734473753227852,63.155594246479367,7,0.45656510703300002,0.49066275898400002,,,0.077655262467721475,2.1055942464793702
234,normal_high_diff,4,200,0.97999999999999998,62.649999999999999,7,0.3,1.0,,,0.968880077623689,64.160107094756583,10,0.14145499765900002,0.679663126171,,,0.011119922376310987,0.51010709475658444
235,normal_high_diff,5,200,0.98999999999999999,60.5,7,0.3,1.0,,,0.96888007762368789,64.537999921983968,10,0.146482082456,0.7031261462720001,,,0.021119922376312106,3.0379999219839675
236,normal_high_diff,6,200,0.98499999999999999,59.310000000000002,7,0.3,1.0,,,0.95666378616132319,61.930265380952456,9,0.22034493274999997,0.71658534612500002,,,0.028336213838676794,1.6202653809524534
237,normal_high_diff,7,200,0.98499999999999999,64.125,7,0.3,1.0,,,0.96888007762368578,66.437590478125017,10,0.17088595628699998,0.61455702185600003,,,0.016119922376314211,1.3125904781250171
238,normal_high_diff,8,200,0.98999999999999999,57.314999999999998,7,0.3,1.0,,,0.96888007762368344,60.828618888714182,10,0.09443383226169999,0.70200183386899995,,,0.021119922376316547,2.5136188887141842
239,normal_high_diff,9,200,0.995,55.524999999999999,7,0.3,1.0,,,0.93994915211816099,58.254661990046252,8,0.29021282195999998,0.56739358901999992,,,0.055050847881839005,1.7296619900462531
240,normal_high_diff,0,200,0.98999999999999999,74.329999999999998,9,0.0,0.01,,,0.90949989805201814,78.586828871029752,10,0.092732858797499998,0.678841090132,,,0.08050010194798185,3.2568288710297537
241,normal_high_diff,1,200,0.995,75.079999999999998,9,0.0,0.01,,,0.90949989805201426,83.19332035413494,10,0.14296908378599998,0.641015458107,,,0.08550010194798574,7.1133203541349417
242,normal_high_diff,2,200,0.97999999999999998,77.150000000000006,9,0.0,0.01,,,0.9094998980520167,83.807124822428719,10,0.14924598932299998,0.76912700533899991,,,0.070500101947983285,5.6571248224287132
243,normal_high_diff,3,200,0.98499999999999999,74.879999999999995,9,0.0,0.01,,,0.90949989805201559,80.797257154058144,10,0.117553614103,0.66759038044800001,,,0.075500101947984399,4.9172571540581487
244,normal_high_diff,4,200,0.98999999999999999,71.680000000000007,9,0.0,0.01,,,0.90949989805201503,78.647146432179355,10,0.093428677320500003,0.77125441134000006,,,0.080500101947984959,5.9671464321793479
245,normal_high_diff,5,200,0.97499999999999998,74.775000000000006,9,0.0,0.01,,,0.9094998980520157,80.795222808629831,10,0.117531394958,0.62873430252099993,,,0.065500101947984279,5.0202228086298248
246,normal_high_diff,6,200,0.98999999999999999,80.075000000000003,9,0.0,0.01,,,0.90949989805201514,82.393681896021619,10,0.134651517868,0.69517424106600001,,,0.080500101947984848,1.3186818960216158
247,normal_high_diff,7,200,0.97999999999999998,74.829999999999998,9,0.0,0.01,,,0.90949989805201525,82.105045584248188,10,0.13160942718399998,0.69151950515799998,,,0.070500101947984728,6.2750455842481898
248,normal_high_diff,8,200,0.98499999999999999,78.564999999999998,9,0.0,0.01,,,0.9094998980520157,84.012493680110637,10,0.15132566071100001,0.78373658370700006,,,0.075500101947984288,4.4474936801106395
249,normal_high_diff,9,200,0.97999999999999998,79.739999999999995,9,0.0,0.01,,,0.90949989805201592,85.740003243887742,10,0.16842494905000002,0.67789690047499995,,,0.070500101947984062,5.0000032438877469
250,normal_high_diff,0,200,0.98999999999999999,49.255000000000003,9,0.0,1.0,,,0.97965392369645632,54.742817076084705,10,0.08409237870950001,0.720844435645,,,0.010346076303543672,4.4878170760847027
251,normal_high_diff,1,200,1.0,47.649999999999999,9,0.0,1.0,,,0.97965392369645499,53.950370122714034,10,0.070639121532399984,0.76155543923400004,,,0.020346076303545013,5.3003701227140354
252,normal_high_diff,2,200,0.98499999999999999,47.755000000000003,9,0.0,1.0,,,0.97965392369645854,54.517280195886229,10,0.080303287494499997,0.68494601250300002,,,0.0053460763035414471,5.7622801958862269
253,normal_high_diff,3,200,0.995,44.880000000000003,9,0.0,1.0,,,0.93773207926893165,50.027870129144453,7,0.35975644513999999,0.58574677743000003,,,0.057267920731068345,4.1478701291444509
254,normal_high_diff,4,200,1.0,49.780000000000001,9,0.0,1.0,,,0.97965392369645465,53.951609568345539,10,0.070660472003499994,0.73312679524800006,,,0.020346076303545346,3.1716095683455379
255,normal_high_diff,5,200,1.0,49.490000000000002,9,0.0,1.0,,,0.97965392369645798,54.606431435139875,10,0.081804797472399993,0.71175263056099991,,,0.020346076303542016,4.116431435139873
256,normal_high_diff,6,200,0.995,46.75,9,0.0,1.0,,,0.97965392369645254,53.3593607156742,10,0.060345500800400007,0.75869443709999995,,,0.015346076303547451,5.6093607156741996
257,normal_high_diff,7,200,0.995,48.649999999999999,9,0.0,1.0,,,0.97965392369645421,53.664913085952541,10,0.065695619583099996,0.76715219020799996,,,0.015346076303545786,4.0149130859525428
258,normal_high_diff,8,200,1.0,46.25,9,0.0,1.0,,,0.97965392369645543,54.086038869528075,10,0.072970318794300007,0.60101484060300003,,,0.020346076303544569,6.8360388695280747
259,normal_high_diff,9,200,0.995,46.064999999999998,9,0.0,1.0,,,0.97965392369645554,51.716967979195843,10,0.030504584277499996,0.75955239536100005,,,0.015346076303544454,4.6519679791958453
260,normal_high_diff,0,200,1.0,51.695,9,0.3,0.01,,,0.9943115880217972,55.505606671379589,10,0.29486541300999997,0.62912979349499998,,,0.0056884119782028009,2.8106066713795883
261,normal_high_diff,1,200,0.995,53.409999999999997,9,0.3,0.01,,,0.99431158802179742,56.773689073486601,10,0.31061511635799999,0.61969244182100003,,,0.00068841197820257438,2.3636890734866043
262,normal_high_diff,2,200,0.995,52.82,9,0.3,0.01,,,0.99431158802179731,57.673855713201128,10,0.32137495314199999,0.62629982811600005,,,0.0006884119782026854,3.8538557132011277
263,normal_high_diff,3,200,1.0,51.704999999999998,9,0.3,0.01,,,0.99431158802179687,54.840365885481745,10,0.286311781406,0.58809410929700001,,,0.0056884119782031339,2.1353658854817468
264,normal_high_diff,4,200,0.995,54.085000000000001,9,0.3,0.01,,,0.99431158802179731,57.503339854466503,10,0.31936261206900002,0.57859994396600001,,,0.0006884119782026854,2.4183398544665025
265,normal_high_diff,5,200,1.0,56.055,9,0.3,0.01,,,0.99431158802179731,57.050433332320019,10,0.31395923309000001,0.57876257095499994,,,0.0056884119782026898,0.0045666676799811512
266,normal_high_diff,6,200,1.0,54.340000000000003,9,0.3,0.01,,,0.99431158802179931,58.572409776124537,10,0.33178567886400001,0.60910716056799996,,,0.0056884119782006914,3.2324097761245341
267,normal_high_diff,7,200,1.0,51.130000000000003,9,0.3,0.01,,,0.99431158802179809,56.058173686565517,10,0.30181594472399997,0.61576683232600005,,,0.0056884119782019127,3.9281736865655148
268,normal_high_diff,8,200,0.98999999999999999,54.350000000000001,9,0.3,0.01,,,0.99431158802179798,57.462169378236432,10,0.31887494921699999,0.58118752539200003,,,0.0043115880217979852,2.1121693782364304
269,normal_high_diff,9,200,1.0,55.310000000000002,9,0.3,0.01,,,0.99431158802179842,59.504426260437519,10,0.34225190468099997,0.60211623515900004,,,0.0056884119782015796,3.1944262604375169
270,normal_high_diff,0,200,0.97999999999999998,105.73999999999999,9,0.3,1.0,,,0.91781147209653124,111.7131490048389,10,0.37700710296599999,0.54899644851700002,,,0.062188527903468738,4.973149004838902
271,normal_high_diff,1,200,0.98499999999999999,112.715,9,0.3,1.0,,,0.91781147209653013,118.9257810166939,10,0.41479048747599995,0.53049538126200002,,,0.067188527903469852,5.2107810166939004
272,normal_high_diff,2,200,0.97999999999999998,110.77,9,0.3,1.0,,,0.91781147209653124,116.8032429556288,10,0.40415611267099999,0.585421943665,,,0.062188527903468738,5.0332429556288076
273,normal_high_diff,3,200,0.97999999999999998,107.955,9,0.3,1.0,,,0.91781147209653036,114.30940778770264,10,0.391156863794,0.58945574779099996,,,0.062188527903469626,5.354407787702641
274,normal_high_diff,4,200,0.98499999999999999,114.36,9,0.3,1.0,,,0.91781147209653202,122.44037982141144,10,0.43158867657200001,0.54240878671400006,,,0.067188527903467965,7.0803798214114408
275,normal_high_diff,5,200,0.98499999999999999,109.55500000000001,9,0.3,1.0,,,0.91781147209652991,115.19141581055553,10,0.39581870883699999,0.55990314558099996,,,0.067188527903470074,4.6364158105555191
276,normal_high_diff,6,200,0.96499999999999997,104.27,9,0.3,1.0,,,0.91781147209653002,105.87459618763245,10,0.34265158176399996,0.60367420911799996,,,0.047188527903469946,0.6045961876324526
277,normal_high_diff,7,200,0.98999999999999999,98.025000000000006,9,0.3,1.0,,,0.91781147209653069,104.97283066953533,10,0.33700465261899998,0.58306017368999996,,,0.072188527903469302,5.9478306695353211
278,normal_high_diff,8,200,0.97999999999999998,116.3,9,0.3,1.0,,,0.91781147209653136,118.88551469396397,10,0.41459227800399995,0.54270386099799994,,,0.062188527903468627,1.5855146939639724
279,normal_high_diff,9,200,0.98999999999999999,112.61499999999999,9,0.3,1.0,,,0.9178114720965318,118.14130503041656,10,0.41090460853299998,0.53997616253000003,,,0.072188527903468191,4.526305030416566
